note,velocity,t_s,hw_peak,dry_peak,envelope_dB,emu_envelope_dB
36,100,0.000000,0.105228,42.9516,-1.274,-0.321
36,100,0.045867,0.100208,43.3635,-1.781,-0.566
36,100,0.091734,0.0942998,33.8167,-0.149,-0.440
36,100,0.137601,0.0850296,30.749,-0.222,-0.116
36,100,0.183468,0.0786899,27.7379,0.000,0.009
36,100,0.229335,0.0740925,25.5868,0.178,0.000
36,100,0.275202,0.0699763,26.3187,-0.563,-0.011
36,100,0.321070,0.06643,27.0015,-1.237,-0.073
36,100,0.366937,0.0633699,26.5776,-1.510,-0.074
36,100,0.412804,0.0603936,25.7703,-1.659,-0.068
36,100,0.458671,0.0569938,23.4596,-1.347,-0.078
36,100,0.504538,0.0544209,22.4936,-1.383,-0.112
36,100,0.550405,0.0517373,20.8867,-1.178,-0.191
36,100,0.596272,0.0498997,22.563,-2.163,-0.129
36,100,0.642139,0.0477484,21.8593,-2.270,-0.229
36,100,0.688006,0.0458788,24.3655,-3.560,-0.178
36,100,0.733873,0.0435664,23.3947,-3.656,-0.241
36,100,0.779740,0.0425582,24.3471,-4.206,-0.233
36,100,0.825607,0.0409301,24.2581,-4.513,-0.284
36,100,0.871474,0.0399704,23.7795,-4.546,-0.299
36,100,0.917342,0.03809,23.6453,-4.916,-0.299
36,100,0.963209,0.0374549,23.8688,-5.143,-0.339
36,100,1.009076,0.0359091,24.7638,-5.829,-0.324
36,100,1.054943,0.0349621,24.6019,-6.004,-0.336
36,100,1.100810,0.0340422,25.8077,-6.652,-0.265
36,100,1.146677,0.0327584,24.0644,-6.378,-0.211
36,100,1.192544,0.0319064,24.5734,-6.789,-0.223
36,100,1.238411,0.0309933,22.7512,-6.372,-0.129
36,100,1.284278,0.0304664,22.6242,-6.472,-0.144
36,100,1.330145,0.0298756,21.0629,-6.021,-0.166
36,100,1.376012,0.0290814,20.5686,-6.049,-0.193
36,100,1.421879,0.0282477,20.1788,-6.135,-0.203
36,100,1.467746,0.0273656,19.345,-6.044,-0.244
36,100,1.513614,0.0266749,19.5461,-6.356,-0.226
36,100,1.559481,0.0258836,19.1509,-6.440,-0.230
36,100,1.605348,0.0249127,18.8282,-6.625,-0.188
36,100,1.651215,0.024144,19.2897,-7.107,-0.224
36,100,1.697082,0.0234929,20.701,-7.958,-0.201
36,100,1.742949,0.0222687,19.6072,-7.951,-0.221
36,100,1.788816,0.0213365,20.0409,-8.513,-0.217
36,100,1.834683,0.020382,19.5084,-8.676,-0.270
36,100,1.880550,0.0195155,19.7611,-9.166,-0.275
36,100,1.926417,0.0190482,19.5038,-9.262,-0.321
36,100,1.972284,0.0186537,19.2159,-9.315,-0.355
36,100,2.018151,0.01847,19.1458,-9.369,-0.353
36,100,2.064018,0.0181822,18.8397,-9.365,-0.334
36,100,2.109886,0.0182293,19.1129,-9.468,-0.322
36,100,2.155753,0.0184618,19.6673,-9.606,-0.295
36,100,2.201620,0.0187439,20.8512,-9.982,-0.274
36,100,2.247487,0.0188334,20.8509,-9.941,-0.326
36,100,2.293354,0.0189378,21.1598,-10.021,-0.359
36,100,2.339221,0.0184301,21.067,-10.218,-0.400
36,100,2.385088,0.0176117,20.8454,-10.521,-0.352
36,100,2.430955,0.0171959,20.4126,-10.546,-0.337
36,100,2.476822,0.0166755,21.0178,-11.067,-0.286
36,100,2.522689,0.0161016,21.2098,-11.450,-0.257
36,100,2.568556,0.0156132,21.3071,-11.758,-0.198
36,100,2.614423,0.0147855,20.7796,-12.013,-0.139
36,100,2.660290,0.0140507,20.1018,-12.168,-0.127
36,100,2.706158,0.0132439,19.1134,-12.243,-0.080
36,100,2.752025,0.0125194,17.6231,-12.027,-0.103
36,100,2.797892,0.0118285,17.3082,-12.363,-0.061
36,100,2.843759,0.011332,16.5531,-12.348,-0.105
36,100,2.889626,0.0110791,17.5213,-13.038,-0.098
36,100,2.935493,0.0107912,17.3946,-13.204,-0.100
36,100,2.981360,0.00983363,17.7639,-14.193,-4.297
36,100,3.027227,0.00674105,17.9684,-17.573,-187.022
36,100,3.073094,0.00437431,18.8961,-21.766,-187.459
36,100,3.118961,0.00276514,19.0863,-25.837,-187.546
36,100,3.164828,0.00182729,19.4217,-29.586,-187.698
36,100,3.210695,0.00111792,19.8419,-34.040,-187.884
36,100,3.256562,0.000683498,20.0246,-38.393,-187.963
36,100,3.302430,0.000434205,21.1073,-42.792,-188.421
36,100,3.348297,0.000253046,20.8684,-47.383,-188.322
36,100,3.394164,0.000163954,21.2871,,-188.494
36,100,3.440031,4.96884e-05,20.8596,,-188.318
36,100,3.485898,4.90527e-05,20.6946,,-188.249
36,100,3.531765,4.97128e-05,19.8439,,-187.884
36,100,3.577632,4.81779e-05,18.1348,,-187.102
36,100,3.623499,4.68099e-05,17.0934,,-186.588
36,100,3.669366,4.65051e-05,16.0798,,-186.058
36,100,3.715233,4.70718e-05,15.7775,,-185.893
48,100,0.000000,0.0840548,67.556,-4.645,0.216
48,100,0.053512,0.104759,53.9657,-0.781,0.074
48,100,0.107023,0.0935379,47.5359,-0.663,-0.036
48,100,0.160535,0.0889934,43.8471,-0.394,-0.011
48,100,0.214046,0.0802575,37.7879,0.000,0.000
48,100,0.267558,0.0715078,32.5731,0.287,0.011
48,100,0.321070,0.0655086,29.3156,0.441,0.017
48,100,0.374581,0.060924,29.2214,-0.161,0.060
48,100,0.428093,0.0563665,29.8516,-1.022,0.047
48,100,0.481604,0.052655,31.3708,-2.044,0.001
48,100,0.535116,0.0494948,32.0534,-2.769,-0.076
48,100,0.588627,0.0461189,32.1468,-3.408,-0.121
48,100,0.642139,0.0425879,30.864,-3.746,-0.068
48,100,0.695651,0.0393338,29.0346,-3.906,0.005
48,100,0.749162,0.0366465,27.0418,-3.903,-0.058
48,100,0.802674,0.0340099,26.4414,-4.356,-0.176
48,100,0.856185,0.0317496,27.27,-5.222,-0.264
48,100,0.909697,0.0296189,28.681,-6.263,-0.244
48,100,0.963209,0.0272218,29.1811,-7.146,-0.197
48,100,1.016720,0.0249525,28.2491,-7.620,-0.153
48,100,1.070232,0.0227048,26.6778,-7.943,-0.152
48,100,1.123743,0.0206448,25.2082,-8.277,-0.217
48,100,1.177255,0.0184818,24.6329,-9.038,-0.226
48,100,1.230767,0.0162985,23.56,-9.743,-0.134
48,100,1.284278,0.0144962,21.8129,-10.092,0.048
48,100,1.337790,0.0131046,19.217,-9.868,0.125
48,100,1.391301,0.0122606,17.9819,-9.869,-0.076
48,100,1.444813,0.011603,18.3295,-10.514,-0.331
48,100,1.498325,0.0109066,19.2248,-11.466,-0.382
48,100,1.551836,0.0103883,20.2632,-12.346,-0.317
48,100,1.605348,0.0104576,20.5466,-12.409,-0.249
48,100,1.658859,0.0107765,20.9766,-12.328,-0.198
48,100,1.712371,0.0110339,21.4124,-12.301,-0.185
48,100,1.765882,0.0111504,21.8881,-12.401,-0.228
48,100,1.819394,0.0109841,22.9193,-12.931,-0.260
48,100,1.872906,0.0107262,23.2132,-13.248,-0.218
48,100,1.926417,0.0104739,23.3859,-13.520,-0.121
48,100,1.979929,0.010076,21.6139,-13.172,-0.085
48,100,2.033440,0.00986435,20.434,-12.868,-0.134
48,100,2.086952,0.00979328,19.9993,-12.744,-0.138
48,100,2.140464,0.0098104,20.3135,-12.865,-0.022
48,100,2.193975,0.00998866,20.0258,-12.584,0.132
48,100,2.247487,0.0100931,18.9429,-12.011,0.184
48,100,2.300998,0.00995002,18.4189,-11.891,0.135
48,100,2.354510,0.00982235,18.3069,-11.951,0.045
48,100,2.408022,0.00972148,19.0311,-12.377,-0.035
48,100,2.461533,0.00960494,20.9177,-13.303,-0.059
48,100,2.515045,0.00939965,22.5694,-14.151,-0.028
48,100,2.568556,0.00912237,22.9162,-14.543,0.007
48,100,2.622068,0.00886849,22.7811,-14.737,-0.058
48,100,2.675580,0.00853534,22.32,-14.892,-0.126
48,100,2.729091,0.00787136,21.6698,-15.339,-0.135
48,100,2.782603,0.00722782,20.8449,-15.742,-0.054
48,100,2.836114,0.0068918,19.6529,-15.645,-0.103
48,100,2.889626,0.00680139,19.152,-15.535,-0.261
48,100,2.943137,0.00672085,19.8198,-15.936,-0.382
48,100,2.996649,0.00630514,20.7722,-16.898,-15.456
48,100,3.050161,0.00390849,21.6489,-21.411,-188.636
48,100,3.103672,0.00221273,22.6755,-26.755,-189.038
48,100,3.157184,0.00121709,23.3364,-32.197,-189.288
48,100,3.210695,0.000653164,23.9088,-37.813,-189.498
48,100,3.264207,0.000338611,24.3503,-43.679,-189.657
48,100,3.317719,0.000177702,25.0509,,-189.904
48,100,3.371230,9.3225e-05,24.9159,,-189.857
48,100,3.424742,4.88684e-05,23.6321,,-189.397
48,100,3.478253,4.85868e-05,22.0828,,-188.808
48,100,3.531765,4.99298e-05,20.1586,,-188.016
48,100,3.585277,4.72039e-05,19.2801,,-187.629
48,100,3.638788,4.84475e-05,19.2156,,-187.600
48,100,3.692300,4.49539e-05,18.98,,-187.493
48,100,3.745811,4.53607e-05,18.6688,,-187.350
60,100,0.000000,0.121959,62.7462,-2.439,0.133
60,100,0.049689,0.113984,55.7174,-1.994,0.099
60,100,0.099379,0.106272,48.1297,-1.331,0.066
60,100,0.149068,0.098887,40.6832,-0.497,0.023
60,100,0.198757,0.0922086,35.8268,0.000,-0.014
60,100,0.248447,0.0847826,32.5644,0.100,0.000
60,100,0.298136,0.0764649,30.3995,-0.199,0.027
60,100,0.347825,0.0695861,27.3441,-0.098,0.054
60,100,0.397515,0.0636357,24.6472,0.027,0.060
60,100,0.447204,0.0580248,21.4673,0.425,0.050
60,100,0.496893,0.053121,19.1074,0.670,0.034
60,100,0.546583,0.0484456,18.0924,0.344,0.038
60,100,0.596272,0.0440971,17.4922,-0.180,0.040
60,100,0.645961,0.0401852,17.5145,-0.998,0.055
60,100,0.695651,0.0363001,17.0753,-1.660,0.058
60,100,0.745340,0.0326498,15.962,-1.995,0.047
60,100,0.795029,0.0295254,14.6359,-2.116,0.035
60,100,0.844719,0.0265348,13.9323,-2.615,0.024
60,100,0.894408,0.0238352,13.4685,-3.253,0.007
60,100,0.944097,0.0213391,13.9072,-4.493,0.007
60,100,0.993787,0.0188785,13.9492,-5.583,0.004
60,100,1.043476,0.0167841,13.8398,-6.536,-0.006
60,100,1.093165,0.0150091,14.0714,-7.651,-0.004
60,100,1.142855,0.0135258,13.7094,-8.328,0.006
60,100,1.192544,0.0125286,13.1976,-8.663,-0.004
60,100,1.242233,0.0119043,12.679,-8.759,-0.012
60,100,1.291923,0.0112038,11.8634,-8.708,-0.026
60,100,1.341612,0.0108293,11.2455,-8.539,-0.037
60,100,1.391301,0.0106313,10.5866,-8.175,-0.054
60,100,1.440991,0.0104233,10.437,-8.223,-0.065
60,100,1.490680,0.0102237,10.4468,-8.399,-0.063
60,100,1.540369,0.0100133,10.4182,-8.556,-0.064
60,100,1.590059,0.00980549,10.4192,-8.739,-0.059
60,100,1.639748,0.00958626,10.4915,-8.995,-0.051
60,100,1.689437,0.00936631,10.5968,-9.283,-0.063
60,100,1.739127,0.00912469,10.6698,-9.570,-0.059
60,100,1.788816,0.00889748,10.7699,-9.870,-0.055
60,100,1.838505,0.00866514,10.9527,-10.246,-0.050
60,100,1.888195,0.00843894,11.126,-10.612,-0.036
60,100,1.937884,0.00822915,11.3363,-10.994,-0.041
60,100,1.987573,0.00803007,11.4748,-11.312,-0.047
60,100,2.037263,0.00783142,11.6369,-11.651,-0.030
60,100,2.086952,0.00764504,11.9287,-12.075,-0.030
60,100,2.136641,0.00747387,12.1357,-12.422,-0.021
60,100,2.186331,0.00731186,12.3587,-12.770,-0.018
60,100,2.236020,0.007163,12.5065,-13.052,-0.027
60,100,2.285709,0.00700898,12.6393,-13.333,-0.019
60,100,2.335399,0.00685626,12.9341,-13.724,-0.017
60,100,2.385088,0.00669166,13.1068,-14.051,-0.010
60,100,2.434777,0.00652028,13.2737,-14.386,-0.008
60,100,2.484467,0.00633955,13.3319,-14.668,-0.011
60,100,2.534156,0.0061548,13.4384,-14.994,-0.009
60,100,2.583845,0.00594562,13.6279,-15.416,-0.012
60,100,2.633535,0.00572476,13.7157,-15.800,-0.007
60,100,2.683224,0.00549595,13.7626,-16.184,-0.002
60,100,2.732913,0.00525218,13.717,-16.550,-0.002
60,100,2.782603,0.00501561,13.7449,-16.968,-0.005
60,100,2.832292,0.00478702,13.778,-17.394,-0.006
60,100,2.881981,0.00456762,13.7634,-17.792,-0.009
60,100,2.931671,0.00360262,13.6769,-19.799,-0.005
60,100,2.981360,0.00181746,13.5315,-25.649,-1.078
60,100,3.031049,0.000904676,13.4232,-31.639,-184.348
60,100,3.080739,0.00044403,13.3307,-37.760,-184.288
60,100,3.130428,0.000225721,13.2094,-43.557,-184.209
60,100,3.180117,0.000114809,12.9995,,-184.069
60,100,3.229807,8.52395e-05,12.7859,,-183.926
60,100,3.279496,5.2384e-05,12.5505,,-183.764
60,100,3.329185,4.71277e-05,12.4046,,-183.663
60,100,3.378875,4.60134e-05,12.1976,,-183.516
60,100,3.428564,4.84272e-05,11.9512,,-183.339
60,100,3.478253,4.63939e-05,11.6683,,-183.131
60,100,3.527943,4.77236e-05,11.425,,-182.948
60,100,3.577632,4.65535e-05,11.282,,-182.839
60,100,3.627321,4.93161e-05,11.0772,,-182.680
60,100,3.677011,4.71836e-05,10.8821,,-182.525
60,100,3.726700,4.72032e-05,10.6086,,-182.304
72,100,0.000000,0.0868907,65.474,-8.203,0.229
72,100,0.049689,0.156044,55.3179,-1.653,0.159
72,100,0.099379,0.141624,47.0966,-1.098,0.096
72,100,0.149068,0.132749,41.9169,-0.648,0.038
72,100,0.198757,0.121851,35.7089,0.000,0.004
72,100,0.248447,0.106254,30.8648,0.077,0.000
72,100,0.298136,0.0925177,27.4761,-0.116,-0.004
72,100,0.347825,0.0817186,24.7838,-0.298,-0.034
72,100,0.397515,0.0731282,23.8305,-0.922,-0.025
72,100,0.447204,0.0644253,23.6588,-1.960,0.035
72,100,0.496893,0.0560619,23.1642,-2.984,0.082
72,100,0.546583,0.0483626,22.1822,-3.891,0.045
72,100,0.596272,0.0415899,21.8054,-5.053,-0.045
72,100,0.645961,0.0350099,22.3513,-6.763,-0.048
72,100,0.695651,0.029092,22.7745,-8.535,0.011
72,100,0.745340,0.0236466,22.5063,-10.232,0.088
72,100,0.795029,0.0186962,20.8163,-11.594,0.132
72,100,0.844719,0.0161581,19.1451,-12.134,0.157
72,100,0.894408,0.0149928,18.0129,-12.255,0.108
72,100,0.944097,0.0138818,18.4152,-13.116,0.097
72,100,0.993787,0.012841,18.956,-14.044,0.137
72,100,1.043476,0.0118204,18.252,-14.435,0.196
72,100,1.093165,0.0107307,17.423,-14.871,0.176
72,100,1.142855,0.00985264,17.8037,-15.800,0.099
72,100,1.192544,0.00924247,18.9253,-16.886,0.079
72,100,1.242233,0.00880077,18.7177,-17.216,0.118
72,100,1.291923,0.00835363,17.3739,-17.022,0.095
72,100,1.341612,0.00804574,16.7646,-17.038,0.006
72,100,1.391301,0.0080384,17.5552,-17.446,-0.002
72,100,1.440991,0.00819947,17.8712,-17.428,0.086
72,100,1.490680,0.00830284,16.9102,-16.840,0.153
72,100,1.540369,0.00839828,16.4402,-16.495,0.115
72,100,1.590059,0.00863513,17.61,-16.851,0.069
72,100,1.639748,0.00895711,18.9924,-17.189,0.102
72,100,1.689437,0.00917867,18.8073,-16.892,0.128
72,100,1.739127,0.0093357,18.0716,-16.398,0.062
72,100,1.788816,0.00944343,18.3983,-16.454,-0.017
72,100,1.838505,0.00960473,19.4431,-16.787,-0.017
72,100,1.888195,0.00968663,19.4776,-16.728,0.023
72,100,1.937884,0.00964261,18.6525,-16.392,0.037
72,100,1.987573,0.00955355,18.6469,-16.470,-0.005
72,100,2.037263,0.00943644,20.0573,-17.210,0.011
72,100,2.086952,0.00932598,21.1501,-17.773,0.070
72,100,2.136641,0.0091432,20.9336,-17.856,0.102
72,100,2.186331,0.00891833,20.5114,-17.895,0.055
72,100,2.236020,0.00862769,21.0321,-18.401,-0.009
72,100,2.285709,0.0083192,21.547,-18.927,-0.008
72,100,2.335399,0.00791777,20.4968,-18.923,0.021
72,100,2.385088,0.00741629,18.5948,-18.645,-0.033
72,100,2.434777,0.00687426,17.6905,-18.871,-0.106
72,100,2.484467,0.00637858,17.8702,-19.609,-0.065
72,100,2.534156,0.00588408,17.5709,-20.163,0.039
72,100,2.583845,0.00537868,16.3356,-20.310,0.109
72,100,2.633535,0.00488165,15.9635,-20.952,0.070
72,100,2.683224,0.00450233,17.4917,-22.449,0.047
72,100,2.732913,0.00422877,18.6872,-23.568,0.103
72,100,2.782603,0.003978,18.4295,-23.978,0.115
72,100,2.832292,0.00376004,17.8152,-24.173,0.044
72,100,2.881981,0.00361475,18.3675,-24.781,-0.039
72,100,2.931671,0.00359436,19.3199,-25.269,-0.025
72,100,2.981360,0.00360308,19.0214,-25.112,-4.166
72,100,3.031049,0.0030044,17.9771,-26.200,-186.886
72,100,3.080739,0.00156233,17.9876,-31.885,-186.891
72,100,3.130428,0.000776029,19.4254,-38.631,-187.559
72,100,3.180117,0.000384893,19.8496,-44.909,-187.746
72,100,3.229807,0.000188277,19.3931,-50.918,-187.544
72,100,3.279496,7.23946e-05,18.8568,,-187.301
72,100,3.329185,4.69814e-05,19.6506,,-187.659
72,100,3.378875,5.00025e-05,20.2569,,-187.923
72,100,3.428564,4.99123e-05,19.4866,,-187.586
72,100,3.478253,4.92448e-05,18.3378,,-187.058
72,100,3.527943,4.68878e-05,18.8149,,-187.281
72,100,3.577632,4.81198e-05,20.1276,,-187.867
72,100,3.627321,4.83617e-05,20.6057,,-188.071
72,100,3.677011,4.4705e-05,20.2938,,-187.938
72,100,3.726700,4.71028e-05,20.7431,,-188.129
84,100,0.000000,0.160046,76.8163,4.923,0.143
84,100,0.049689,0.133423,68.3699,4.354,0.167
84,100,0.099379,0.0908745,55.1757,2.881,0.127
84,100,0.149068,0.0605073,40.3321,2.070,-0.015
84,100,0.198757,0.0451191,31.4826,1.673,-0.095
84,100,0.248447,0.0299985,25.3771,0.000,0.000
84,100,0.298136,0.0206842,21.0833,-1.619,0.123
84,100,0.347825,0.0163936,19.1769,-2.815,0.049
84,100,0.397515,0.0116484,16.7989,-4.633,-0.192
84,100,0.447204,0.00902251,14.0842,-5.321,-0.441
84,100,0.496893,0.00730496,11.6579,-5.513,-0.510
84,100,0.546583,0.00585291,10.9599,-6.902,-0.063
84,100,0.596272,0.00537216,12.2696,-8.627,0.225
84,100,0.645961,0.00669208,14.5915,-8.224,0.200
84,100,0.695651,0.00694275,13.9265,-7.499,0.005
84,100,0.745340,0.00652376,13.1715,-7.556,-0.030
84,100,0.795029,0.0059426,12.3128,-7.781,0.067
84,100,0.844719,0.00513208,13.1373,-9.617,0.385
84,100,0.894408,0.00420189,16.1255,-13.135,0.232
84,100,0.944097,0.00318285,16.4739,-15.733,0.038
84,100,0.993787,0.00220688,14.9492,-18.070,-0.127
84,100,1.043476,0.0015503,13.0364,-19.948,-0.107
84,100,1.093165,0.0015123,10.9959,-18.685,-0.183
84,100,1.142855,0.00195711,8.47113,-14.180,0.080
84,100,1.192544,0.00256231,10.3994,-13.621,0.631
84,100,1.242233,0.00311084,13.882,-14.445,0.320
84,100,1.291923,0.00352489,15.1935,-14.143,0.177
84,100,1.341612,0.00375363,15.4401,-13.737,0.071
84,100,1.391301,0.00383164,15.3765,-13.523,0.012
84,100,1.440991,0.00373601,13.3239,-12.498,-0.225
84,100,1.490680,0.00354865,11.4497,-11.628,0.124
84,100,1.540369,0.00328495,13.221,-13.548,0.375
84,100,1.590059,0.00303958,15.3045,-15.493,0.177
84,100,1.639748,0.00281284,15.774,-16.429,0.105
84,100,1.689437,0.00264898,15.7398,-16.932,0.047
84,100,1.739127,0.00251082,15.0382,-17.001,-0.119
84,100,1.788816,0.00239182,11.3636,-14.989,-0.370
84,100,1.838505,0.00224608,8.87521,-13.388,0.065
84,100,1.888195,0.00209023,9.9643,-15.018,0.456
84,100,1.937884,0.00186429,12.188,-17.762,0.372
84,100,1.987573,0.00161742,14.028,-20.217,0.316
84,100,2.037263,0.00132212,16.059,-23.142,0.184
84,100,2.086952,0.00100428,15.9563,-25.475,-0.081
84,100,2.136641,0.000692597,13.2825,-27.109,-0.123
84,100,2.186331,0.000488938,12.4401,-29.565,0.092
84,100,2.236020,0.000505171,13.0471,-29.695,0.215
84,100,2.285709,0.000701284,13.7644,-27.310,0.163
84,100,2.335399,0.000922679,15.0499,-25.703,0.256
84,100,2.385088,0.00110369,16.7389,-25.071,0.105
84,100,2.434777,0.0012069,15.5526,-23.656,-0.153
84,100,2.484467,0.00126066,12.6264,-21.467,-0.228
84,100,2.534156,0.00125048,10.461,-19.903,-0.116
84,100,2.583845,0.00121164,9.60878,-19.439,0.196
84,100,2.633535,0.00113172,9.81445,-20.216,0.490
84,100,2.683224,0.00104424,13.474,-23.667,0.469
84,100,2.732913,0.000956893,15.83,-25.825,0.159
84,100,2.782603,0.000901383,15.6136,-26.225,-0.015
84,100,2.832292,0.000858404,14.3508,-25.917,-0.008
84,100,2.881981,0.000829775,13.7913,-25.866,-0.013
84,100,2.931671,0.000799069,12.4673,-25.317,-0.032
84,100,2.981360,0.00072176,12.1566,-25.982,-4.425
84,100,3.031049,0.000315277,15.0379,-35.023,-185.261
84,100,3.080739,0.000121836,16.4272,,-186.029
84,100,3.130428,5.36426e-05,15.8383,,-185.712
84,100,3.180117,4.72094e-05,14.2919,,-184.819
84,100,3.229807,5.11812e-05,12.291,,-183.509
84,100,3.279496,4.78043e-05,8.74225,,-180.550
84,100,3.329185,4.65996e-05,8.98482,,-180.788
84,100,3.378875,4.71892e-05,12.6889,,-183.786
84,100,3.428564,4.6608e-05,14.4406,,-184.909
84,100,3.478253,4.6768e-05,15.3445,,-185.436
84,100,3.527943,4.64937e-05,15.8032,,-185.692
84,100,3.577632,4.70842e-05,14.5637,,-184.983
84,100,3.627321,4.66258e-05,11.7816,,-183.141
84,100,3.677011,4.70074e-05,12.2438,,-183.476
84,100,3.726700,4.71991e-05,14.3129,,-184.832
60,40,0.000000,0.0244649,9.67975,0.221,0.066
60,40,0.049689,0.023317,10.3154,-0.749,0.061
60,40,0.099379,0.0213602,9.85587,-1.114,0.058
60,40,0.149068,0.020139,8.85111,-0.691,0.039
60,40,0.198757,0.018662,8.05661,-0.536,0.017
60,40,0.248447,0.0172452,6.99934,0.000,0.000
60,40,0.298136,0.0154208,5.93315,0.464,-0.006
60,40,0.347825,0.0137132,4.84825,1.199,-0.022
60,40,0.397515,0.01235,4.04866,1.855,-0.048
60,40,0.447204,0.0111189,3.71776,1.683,-0.059
60,40,0.496893,0.0100159,3.67741,0.871,-0.056
60,40,0.546583,0.00899612,3.49786,0.373,-0.046
60,40,0.596272,0.00799472,3.15211,0.252,-0.090
60,40,0.645961,0.00708646,2.8309,0.138,-0.126
60,40,0.695651,0.00628551,2.65827,-0.357,-0.159
60,40,0.745340,0.00547643,2.62865,-1.457,-0.163
60,40,0.795029,0.00474175,2.71458,-2.988,-0.143
60,40,0.844719,0.00407069,2.80213,-4.589,-0.096
60,40,0.894408,0.00345006,2.84034,-6.143,-0.106
60,40,0.944097,0.00316477,2.80359,-6.780,-0.101
60,40,0.993787,0.0029554,2.64247,-6.860,-0.135
60,40,1.043476,0.00275454,2.48031,-6.921,-0.173
60,40,1.093165,0.00261133,2.33113,-6.846,-0.191
60,40,1.142855,0.00244387,2.2534,-7.127,-0.199
60,40,1.192544,0.00232134,2.25263,-7.571,-0.198
60,40,1.242233,0.00224108,2.28748,-8.010,-0.179
60,40,1.291923,0.00212762,2.27113,-8.399,-0.171
60,40,1.341612,0.00201555,2.13232,-8.321,-0.218
60,40,1.391301,0.00198491,1.92873,-7.583,-0.280
60,40,1.440991,0.00196193,1.91767,-7.634,-0.306
60,40,1.490680,0.0019406,1.91777,-7.729,-0.286
60,40,1.540369,0.00191679,1.9123,-7.812,-0.267
60,40,1.590059,0.00189651,1.91428,-7.913,-0.293
60,40,1.639748,0.00187473,1.92211,-8.049,-0.282
60,40,1.689437,0.00184793,1.91657,-8.149,-0.291
60,40,1.739127,0.00183244,1.91756,-8.227,-0.301
60,40,1.788816,0.00181234,1.91545,-8.313,-0.283
60,40,1.838505,0.00178601,1.91761,-8.450,-0.284
60,40,1.888195,0.00176592,1.91876,-8.553,-0.285
60,40,1.937884,0.0017427,1.91868,-8.668,-0.294
60,40,1.987573,0.0017266,1.91784,-8.745,-0.287
60,40,2.037263,0.00169987,1.91786,-8.880,-0.295
60,40,2.086952,0.00167897,1.92009,-8.998,-0.282
60,40,2.136641,0.00165515,1.91651,-9.106,-0.280
60,40,2.186331,0.00163659,1.92243,-9.230,-0.293
60,40,2.236020,0.00161481,1.91864,-9.330,-0.289
60,40,2.285709,0.00158937,1.92016,-9.474,-0.281
60,40,2.335399,0.0015704,1.92022,-9.579,-0.298
60,40,2.385088,0.00155138,1.91624,-9.667,-0.274
60,40,2.434777,0.00152829,1.92482,-9.836,-0.296
60,40,2.484467,0.00150694,1.91685,-9.922,-0.283
60,40,2.534156,0.00148811,1.92287,-10.059,-0.277
60,40,2.583845,0.00145923,1.92218,-10.226,-0.285
60,40,2.633535,0.00144075,1.91997,-10.326,-0.291
60,40,2.683224,0.00142001,1.92173,-10.460,-0.276
60,40,2.732913,0.00139998,1.91663,-10.561,-0.298
60,40,2.782603,0.0013783,1.92374,-10.728,-0.295
60,40,2.832292,0.00135279,1.92438,-10.893,-0.280
60,40,2.881981,0.0013338,1.92105,-11.001,-0.275
60,40,2.931671,0.00130363,1.91947,-11.193,-0.288
60,40,2.981360,0.000961597,1.91841,-13.831,-4.497
60,40,3.031049,0.000541055,1.92212,-18.843,-167.335
60,40,3.080739,0.000311191,1.92365,-23.654,-167.341
60,40,3.130428,0.000178448,1.92206,,-167.334
60,40,3.180117,0.000105596,1.91566,,-167.305
60,40,3.229807,7.74622e-05,1.92077,,-167.328
60,40,3.279496,5.00481e-05,1.91836,,-167.318
60,40,3.329185,4.79002e-05,1.92267,,-167.337
60,40,3.378875,4.9008e-05,1.92022,,-167.326
60,40,3.428564,4.88027e-05,1.9175,,-167.314
60,40,3.478253,4.62442e-05,1.91738,,-167.313
60,40,3.527943,4.63496e-05,1.9154,,-167.304
60,40,3.577632,4.76479e-05,1.92067,,-167.328
60,40,3.627321,4.78166e-05,1.9201,,-167.325
60,40,3.677011,4.81259e-05,1.91878,,-167.319
60,40,3.726700,4.85772e-05,1.91472,,-167.301
60,127,0.000000,0.217687,140.425,-7.623,0.125
60,127,0.049689,0.282313,118.117,-3.862,0.105
60,127,0.099379,0.274256,94.2226,-2.151,0.077
60,127,0.149068,0.252498,74.9041,-0.876,0.027
60,127,0.198757,0.23665,63.4709,0.000,-0.025
60,127,0.248447,0.22024,58.6935,0.055,0.000
60,127,0.298136,0.20698,57.7308,-0.340,0.039
60,127,0.347825,0.19024,54.9208,-0.639,0.076
60,127,0.397515,0.172818,51.8788,-0.979,0.089
60,127,0.447204,0.158302,45.178,-0.539,0.079
60,127,0.496893,0.145855,40.0339,-0.201,0.054
60,127,0.546583,0.134097,39.0692,-0.719,0.055
60,127,0.596272,0.123591,39.1636,-1.449,0.053
60,127,0.645961,0.113629,40.0381,-2.370,0.070
60,127,0.695651,0.104609,38.8027,-2.816,0.077
60,127,0.745340,0.0960733,35.1913,-2.707,0.064
60,127,0.795029,0.0875596,30.4284,-2.250,0.066
60,127,0.844719,0.0798168,27.1743,-2.072,0.038
60,127,0.894408,0.0731641,25.2439,-2.188,0.008
60,127,0.944097,0.0667618,26.6624,-3.458,0.011
60,127,0.993787,0.0610752,27.6803,-4.557,0.008
60,127,1.043476,0.0556714,28.0499,-5.477,-0.000
60,127,1.093165,0.0505071,28.5995,-6.491,-0.007
60,127,1.142855,0.0461228,27.6343,-6.981,0.005
60,127,1.192544,0.0417497,26.5761,-7.507,-0.011
60,127,1.242233,0.0377168,25.9016,-8.166,-0.018
60,127,1.291923,0.0343204,25.0871,-8.709,-0.028
60,127,1.341612,0.0309909,24.9654,-9.553,-0.026
60,127,1.391301,0.0282256,23.7406,-9.928,-0.037
60,127,1.440991,0.0268667,23.4222,-10.239,-0.044
60,127,1.490680,0.0263315,23.4285,-10.416,-0.044
60,127,1.540369,0.0258125,23.4569,-10.599,-0.048
60,127,1.590059,0.0252867,23.4352,-10.770,-0.036
60,127,1.639748,0.0247438,23.5265,-10.992,-0.030
60,127,1.689437,0.0241911,23.6538,-11.236,-0.047
60,127,1.739127,0.0236216,23.6988,-11.459,-0.046
60,127,1.788816,0.0230075,23.8815,-11.754,-0.044
60,127,1.838505,0.0223831,24.1137,-12.078,-0.033
60,127,1.888195,0.0217579,24.3448,-12.406,-0.025
60,127,1.937884,0.021162,24.6215,-12.746,-0.034
60,127,1.987573,0.0205587,24.7423,-13.040,-0.052
60,127,2.037263,0.0200011,24.9664,-13.357,-0.030
60,127,2.086952,0.0194686,25.41,-13.744,-0.026
60,127,2.136641,0.0189692,25.684,-14.063,-0.023
60,127,2.186331,0.0185147,25.9718,-14.370,-0.019
60,127,2.236020,0.0180754,26.1255,-14.630,-0.044
60,127,2.285709,0.0176575,26.2808,-14.885,-0.020
60,127,2.335399,0.0172362,26.7789,-15.258,-0.025
60,127,2.385088,0.0168037,27.0041,-15.551,-0.019
60,127,2.434777,0.0163636,27.2107,-15.848,-0.017
60,127,2.484467,0.0159074,27.2593,-16.109,-0.028
60,127,2.534156,0.0154371,27.3831,-16.409,-0.014
60,127,2.583845,0.0149267,27.7283,-16.810,-0.025
60,127,2.633535,0.014393,27.85,-17.164,-0.021
60,127,2.683224,0.013826,27.8955,-17.527,-0.016
60,127,2.732913,0.0132363,27.7957,-17.875,-0.009
60,127,2.782603,0.0126276,27.8181,-18.291,-0.020
60,127,2.832292,0.0119984,27.9108,-18.764,-0.021
60,127,2.881981,0.0113902,27.9269,-19.220,-0.021
60,127,2.931671,0.0108197,27.7866,-19.623,-0.020
60,127,2.981360,0.0102834,27.5383,-19.987,-1.101
60,127,3.031049,0.00713983,27.3656,-23.101,-190.583
60,127,3.080739,0.00327659,27.2718,-29.836,-190.553
60,127,3.130428,0.00148722,27.1649,-36.663,-190.519
60,127,3.180117,0.00066075,26.8611,-43.612,-190.422
60,127,3.229807,0.000284213,26.5105,-50.826,-190.307
60,127,3.279496,0.000142148,26.1436,,-190.186
60,127,3.329185,0.000102853,26.021,,-190.145
60,127,3.378875,5.15789e-05,25.7878,,-190.067
60,127,3.428564,4.57081e-05,25.4573,,-189.955
60,127,3.478253,4.5267e-05,25.004,,-189.799
60,127,3.527943,4.66687e-05,24.6302,,-189.668
60,127,3.577632,4.88547e-05,24.5482,,-189.639
60,127,3.627321,4.78441e-05,24.3047,,-189.553
60,127,3.677011,4.81614e-05,24.0746,,-189.470
60,127,3.726700,4.79644e-05,23.6024,,-189.298
